Emp ID,Name,Gender,Department,Join Date
E001,Allison Hill,Male,IT,05/07/2019
E002,Brian Yang,Female,HR,01/11/2017
E003,Amanda Davis,Male,HR,07/05/2019
E004,Alyssa Gonzalez,Male,Finance,09/08/2022
E005,Kevin Pacheco,Male,Finance,08/30/2015
E006,Caitlin Henderson,Female,IT,04/11/2020
E007,Tyler Rogers,Male,IT,02/16/2017
E008,Ian Cooper,Male,HR,01/19/2020
E009,Monica Herrera,Male,Finance,12/28/2021
E010,Edward Fuller,Male,Finance,09/14/2021
E011,Michele Williams,Female,HR,06/06/2019
E012,Victoria Wyatt,Female,Finance,04/08/2017
E013,Jesse Flowers,Female,IT,04/26/2018
E014,Daniel Adams,Male,Marketing,10/06/2016
E015,Carolyn Daniel,Female,Sales,05/01/2018
E016,Devin Schaefer,Male,HR,04/15/2019
E017,Sarah Parsons,Female,IT,06/13/2019
E018,Renee Morales,Male,Marketing,09/04/2016
E019,Tommy Walter,Male,Sales,11/26/2020
E020,Jonathan Wilkerson,Female,Finance,05/11/2023
E021,Charles Mcgee,Female,IT,01/08/2020
E022,Jessica Silva,Female,Finance,09/16/2021
E023,Zachary Hicks,Male,Marketing,02/04/2017
E024,Shannon Hernandez,Male,Finance,04/10/2018
E025,Jennifer Brown,Female,Finance,01/16/2022
